-- MariaDB dump 10.19  Distrib 10.4.28-MariaDB, for Win64 (AMD64)
--
-- Host: localhost    Database: team20
-- ------------------------------------------------------
-- Server version	10.4.28-MariaDB

/*!40101 SET @OLD_CHARACTER_SET_CLIENT=@@CHARACTER_SET_CLIENT */;
/*!40101 SET @OLD_CHARACTER_SET_RESULTS=@@CHARACTER_SET_RESULTS */;
/*!40101 SET @OLD_COLLATION_CONNECTION=@@COLLATION_CONNECTION */;
/*!40101 SET NAMES utf8mb4 */;
/*!40103 SET @OLD_TIME_ZONE=@@TIME_ZONE */;
/*!40103 SET TIME_ZONE='+00:00' */;
/*!40014 SET @OLD_UNIQUE_CHECKS=@@UNIQUE_CHECKS, UNIQUE_CHECKS=0 */;
/*!40014 SET @OLD_FOREIGN_KEY_CHECKS=@@FOREIGN_KEY_CHECKS, FOREIGN_KEY_CHECKS=0 */;
/*!40101 SET @OLD_SQL_MODE=@@SQL_MODE, SQL_MODE='NO_AUTO_VALUE_ON_ZERO' */;
/*!40111 SET @OLD_SQL_NOTES=@@SQL_NOTES, SQL_NOTES=0 */;

--
-- Table structure for table `liked_meals`
--

DROP TABLE IF EXISTS `liked_meals`;
/*!40101 SET @saved_cs_client     = @@character_set_client */;
/*!40101 SET character_set_client = utf8 */;
CREATE TABLE `liked_meals` (
  `likedMeals_id` int(11) NOT NULL AUTO_INCREMENT,
  `user_id` int(11) NOT NULL,
  `meal_id` int(11) NOT NULL,
  `restaurant_id` int(11) NOT NULL,
  `created_dt` datetime DEFAULT NULL,
  PRIMARY KEY (`likedMeals_id`,`user_id`,`meal_id`,`restaurant_id`),
  KEY `FK_USER_TO_LIKED_MEALS_1` (`user_id`),
  KEY `FK_MEAL_TO_LIKED_MEALS_1` (`meal_id`),
  KEY `FK_RESTAURANT_TO_LIKED_MEALS_1` (`restaurant_id`),
  CONSTRAINT `FK_MEAL_TO_LIKED_MEALS_1` FOREIGN KEY (`meal_id`) REFERENCES `meal` (`meal_id`),
  CONSTRAINT `FK_RESTAURANT_TO_LIKED_MEALS_1` FOREIGN KEY (`restaurant_id`) REFERENCES `restaurant` (`restaurant_id`),
  CONSTRAINT `FK_USER_TO_LIKED_MEALS_1` FOREIGN KEY (`user_id`) REFERENCES `user` (`user_id`)
) ENGINE=InnoDB AUTO_INCREMENT=2 DEFAULT CHARSET=utf8mb4 COLLATE=utf8mb4_general_ci;
/*!40101 SET character_set_client = @saved_cs_client */;

--
-- Dumping data for table `liked_meals`
--

LOCK TABLES `liked_meals` WRITE;
/*!40000 ALTER TABLE `liked_meals` DISABLE KEYS */;
INSERT INTO `liked_meals` VALUES (1,1,1,1,'2023-11-11 12:12:00');
/*!40000 ALTER TABLE `liked_meals` ENABLE KEYS */;
UNLOCK TABLES;

--
-- Table structure for table `meal`
--

DROP TABLE IF EXISTS `meal`;
/*!40101 SET @saved_cs_client     = @@character_set_client */;
/*!40101 SET character_set_client = utf8 */;
CREATE TABLE `meal` (
  `meal_id` int(11) NOT NULL,
  `restaurant_id` int(11) NOT NULL,
  `weekday` varchar(100) DEFAULT NULL,
  `date` date DEFAULT NULL,
  `serving_time` varchar(100) DEFAULT NULL,
  `price` int(11) DEFAULT NULL,
  `meal_menu` varchar(2000) DEFAULT NULL,
  PRIMARY KEY (`meal_id`,`restaurant_id`),
  KEY `FK_RESTAURANT_TO_MEAL_1` (`restaurant_id`),
  CONSTRAINT `FK_RESTAURANT_TO_MEAL_1` FOREIGN KEY (`restaurant_id`) REFERENCES `restaurant` (`restaurant_id`)
) ENGINE=InnoDB DEFAULT CHARSET=utf8mb4 COLLATE=utf8mb4_general_ci;
/*!40101 SET character_set_client = @saved_cs_client */;

--
-- Dumping data for table `meal`
--

LOCK TABLES `meal` WRITE;
/*!40000 ALTER TABLE `meal` DISABLE KEYS */;
INSERT INTO `meal` VALUES (1,1,'월','2023-11-06','조식',1000,'*천원의 아침밥*, 선착순 150명 ,흑미밥,계란만둣국,쏘시지야채볶음,깍두기,반찬2종,야채샐러드'),(2,1,'월','2023-11-06','중식1',5800,'흑미밥,계란만둣국,배추김치,해물떡볶이,궁중식잡채,야채샐러드'),(3,1,'월','2023-11-06','중식2',5800,'돈&치킨까스정식,메밀국수'),(4,1,'월','2023-11-06','석식',5800,'명동칼국수,소고기비빔밥,제육비빔밥,산동짜장면,청경채우동'),(5,1,'화','2023-11-07','조식',1000,'*천원의 아침밥*, 선착순 150명 ,흑미밥,콩나물두붓국,구운토마토,깍두기,반찬2종,야채샐러드'),(6,1,'화','2023-11-07','중식1',5800,'흑미밥,콩나물두붓국,깍두기,순살닭간장볶음,배추&견과류겉절이,야채샐러드'),(7,1,'화','2023-11-07','중식2',5800,'돈&치킨까스정식,메밀국수'),(8,1,'화','2023-11-07','석식',5800,'명동칼국수,소고기비빔밥,제육비빔밥,산동짜장면,청경채우동'),(9,1,'수','2023-11-08','조식',1000,'*천원의 아침밥*, 선착순 150명 ,볶음밥,미역국,모듬튀김,배추김치,반찬2종,야채샐러드'),(10,1,'수','2023-11-08','중식1',5800,'볶음밥,소고기뭇국,배추김치,탕수육과일소스,상추&쌈장,야채샐러드'),(11,1,'수','2023-11-08','중식2',5800,'돈&치킨까스정식,메밀국수'),(12,1,'수','2023-11-08','석식',5800,'명동칼국수,소고기비빔밥,제육비빔밥,산동짜장면,청경채우동'),(13,1,'목','2023-11-09','조식',1000,'*천원의 아침밥*, 선착순 150명 ,영양야채죽,프렌치토스트 1/2장,배추김치,반찬2종,야채샐러드,요구르트 1개'),(14,1,'목','2023-11-09','중식1',5800,'곤드레밥,아욱된장국,배추김치,미트볼바베큐,무생채&쌀국수무침,야채샐러드'),(15,1,'목','2023-11-09','중식2',5800,'돈&치킨까스정식,메밀국수'),(16,1,'목','2023-11-09','석식',5800,'명동칼국수,소고기비빔밥,제육비빔밥,산동짜장면,청경채우동'),(17,1,'금','2023-11-10','중식1',5800,'흰쌀밥,미역국,깍두기,제육김치,콩나물&야채무침,야채샐러드'),(18,1,'금','2023-11-10','중식2',5800,'돈&치킨까스정식,메밀국수'),(19,1,'금','2023-11-10','석식',5800,'명동칼국수,소고기비빔밥,제육비빔밥,산동짜장면,청경채우동'),(20,2,'월','2023-11-06','중식',6500,'잡곡밥,부대찌개,치킨까스*머스터드s,뿌리채소고구마범벅,시금치나물,깍두기,숭늉'),(21,2,'월','2023-11-06','석식',6500,'병아리콩카레라이스,근대된장국,클링클컷감자튀김,그린샐러드*석류D,단무지무침,배추김치,숭늉'),(22,2,'화','2023-11-07','중식',6500,'잡곡밥,바지락미역국,제육두반장볶음,연두부새싹샐러드,가지호박볶음,배추김치,숭늉'),(23,2,'화','2023-11-07','석식',6500,'표고버섯톳영양밥,곤약어묵국,미니돈까스강정,콩나물무침,고사리들깨나물,배추김치,숭늉'),(24,2,'수','2023-11-08','중식',6500,'햄김치볶음밥,무청된장국,후르츠탕수육,마카로니콘샐러드,쫑상추무침,깍두기,숭늉'),(25,2,'수','2023-11-08','석식',6500,'잡곡밥,김치수제비국,고등어구이*와사비장,미트볼칠리조림,청경채나물,깍두기,숭늉'),(26,2,'목','2023-11-09','중식',6500,'잡곡밥,소고기장터국,파프리카잡채,맛살브로콜리볶음,미역레몬초무침,깍두기,숭늉'),(27,2,'목','2023-11-09','석식',6500,'잡곡밥,황태칼국수,계란찜,옥수수맛탕,해초무순샐러드,배추김치,숭늉'),(28,2,'금','2023-11-10','중식',6500,'잡곡밥,팽이버섯유부국,매콤오징어떡볶음,알감자조림,삼색숙주나물,깍두기,숭늉'),(29,2,'금','2023-11-10','석식',6500,'잡곡밥,콩비지찌개,너비아니구이,열무나물무침,멸치볶음,깍두기,숭늉'),(30,2,'토','2023-11-11','중식',6500,'잡곡밥,배추된장국,생선까스*타르타르s,볼어묵피망볶음,검은깨묵오이무침,깍두기,숭늉'),(31,3,'월','2023-11-06','중식',5000,'<자율한식>,돼지콩나물두루치기,계란실파국,쌀밥,햄감자채볶음,미역줄기볶음,깍두기,<추가메뉴>,소떡소떡'),(32,3,'화','2023-11-07','중식',5000,'<자율한식>,뚝배기닭칼국수,쌀밥,만두깡풍강정,볼어묵볶음,도시락김,배추김치,<추가메뉴>,소떡소떡'),(33,3,'수','2023-11-08','중식',5000,'<일품코너A>,차슈라멘,<일품코너B>,치킨마요덮밥&우동장국,<셀프바>,야채춘권,배추김치,<추가메뉴>,소떡소떡'),(34,3,'목','2023-11-09','중식',5000,'<자율한식>,김치볶음밥,&계란후라이,맑은콩나물국,청양풍동그랑땡,들기름막국수,양배추마늘소스샐러드,배추김치,<추가메뉴>,소떡소떡'),(35,3,'금','2023-11-10','중식',5000,'<일품코너A>,카레라이스,&돈까스토핑,<일품코너B>,따끈한순두부짬뽕,&도시락김,<셀프바>,빼빼로츄러스,배추김치'),(36,4,'월','2023-11-06','중식',5500,'매콤엽기떡볶이,셀프후리가케주먹밥,오뎅탕,파송송계란찜,반달단무지,마카로니콘샐러드,배추김치,<후식>,쿨피스,파인애플맛'),(37,4,'화','2023-11-07','중식',5500,'뚝)참치김치찌개,쌀밥,감자햄볶음,콩나물무침,미니도시락김,깍두기,<후식>,누룽지숭늉'),(38,4,'수','2023-11-08','중식',5500,'날치알김치볶음밥,미니잔치국수,뿌링클치킨,꼬들단무지,그린샐러드*자두드레싱,깍두기,<후식>요구르트'),(39,4,'목','2023-11-09','중식',5500,'숯불매콤제육볶음,쌀밥,유부된장국,브로콜리버섯볶음,매콤새콤쫄면무침,건파래볶음,배추김치,<후식>누룽지숭늉'),(40,4,'금','2023-11-10','중식',5500,'꼬치어묵우동,미니밥,탕수육강정,매콤단무지무침,그린샐러드*애플드레싱,배추김치,<후식>코조젤리스틱'),(41,5,'월','2023-11-06','조식',4800,'쌀밥,짬뽕국,닭데리소스조림,에호박새우젓볶음,김구이,배추김치,샐러드'),(42,5,'월','2023-11-06','중식',4800,'(정품),잡곡밥,설렁탕/소면사리,메밀전,메추리알조림,깻잎지무침,깍두기,(일품),숯불고기야채비빔밥,/김가루,유부장국,떡잡채,해초샐러드,배추김치'),(43,5,'월','2023-11-06','석식',4800,'돈코츠라멘,후리가께김가루밥,새우까스/소스,단무지무침,배추김치'),(44,5,'화','2023-11-07','조식',4800,'후렌치토스트,모닝빵샌드위치,포크비엔나,콘치즈구이,양상추샐러드,모듬수제피클,오렌지쥬스'),(45,5,'화','2023-11-07','중식',4800,'(정품),잡곡밥,맑은순두부국,매콤닭갈비,만두튀김,얼갈이나물,깍두기,(일품),파인애플수제함박스텍,브로콜리스프,삼색볶음밥,감자튀김/케찹,양상추샐러드,배추김치'),(46,5,'화','2023-11-07','석식',4800,'잡곡밥,얼큰콩나물국,탕수육,마라상궈,치커리유자청무침,배추김치'),(47,5,'수','2023-11-08','조식',4800,'쌀밥,북어채국,떡스테이크조림,두부구이/양념장,오이양파무침,배추김치,샐러드'),(48,5,'수','2023-11-08','중식',4800,'(정품),잡곡밥,미역국,신김치제육볶음,야채계란찜,상추겉절이,배추김치,(일품),양지쌀국수,후리가께김가루밥,수제새우튀김(2P),야채샐러드,배추김치'),(49,5,'수','2023-11-08','석식',4800,'잡곡밥,차돌고추장찌개,훈제오리/쌈무,감자어묵조림,청경채나물,배추김치'),(50,5,'목','2023-11-09','조식',4800,'쌀밥,김치콩나물국,소불고기,청포묵김가루무침,브로콜리/초장,배추김치,샐러드'),(51,5,'목','2023-11-09','중식',4800,'(정품),잡곡밥,사골우거지국,모듬장조림,동그랑땡/케찹,부추무침,깍두기,(일품),베이컨김치볶음밥,계란후라이/김가루,유부장국,돈까스/소스,양상추샐러드,깍두기'),(52,5,'목','2023-11-09','석식',4800,'쌀밥,수제비만두국,너비아니조림,야채전,배추겉절이,요구르트'),(53,5,'금','2023-11-10','조식',4800,'쌀밥,된장국,수제미트볼조림,야채계란볶음,김자반,배추김치,샐러드'),(54,5,'금','2023-11-10','중식',4800,'(정품),잡곡밥,두부김치찌개,가라야께/청양마요소스,알감자조림,콩나물무침,깍두기,(일품),한방보쌈,메밀비빔국수,우동국물,모듬주먹밥,배추겉절이'),(55,5,'금','2023-11-10','석식',4800,'잡곡밥,차돌순두부짜개/쫄면사리,마늘닭간장구이,김말이튀김,오이부추무침,배추김치'),(56,5,'토','2023-11-11','조식',4800,'쌀밥,짜그리찌개,치킨까스/소스,비엔나콩조림,시금치나물,배추김치,샐러드'),(57,5,'토','2023-11-11','중식',4800,'차돌떡볶이,모듬튀김,김주먹밥,어묵탕,샐러드,단무지'),(58,5,'토','2023-11-11','석식',4800,'잡곡밥,얼큰소고기무국,돈육계란장조림,감자채볶음,모듬겉절이,배추김치'),(59,6,'월','2023-11-06','조식',4800,'새우계란죽,간장 미니깐풍기,메추리알 장조림,무나물 볶음,귤,배추김치'),(60,6,'월','2023-11-06','중식',4800,'업진살 쌀국수,야채춘권/칠리소스,청피망 버섯볶음,양배추 파인애플 무침,셀프 김가루 주먹밥,배추김치,<<샌드위치 특별식>>,스리라차 칠리마요 치킨텐더버거,맥앤치즈/크래커,양배추 샐러드,플레인 요거트,사이다,크림스프'),(61,6,'월','2023-11-06','석식',4800,'돼지고기 김치찌개,치킨너겟/머스타드소스,콩나물 무침,도토리묵 김가루무침,쌀밥,배추김치'),(62,6,'화','2023-11-07','조식',4800,'소고기 무국,미니떡갈비/데리야끼소스,고사리볶음,애호박 양파볶음,쌀밥,깍두기'),(63,6,'화','2023-11-07','중식',4800,'짜장 닭조림 덮밥,동그랑땡/칠리소스,유채나물 유자무침,연두부/양념간장,파송송 계란국,단무지 부추무침,<<샌드위치 특별식>>,햄치즈 감자샐러드 치아바타 ,고구마 고로케/칠리소스,양상추 샐러드,콘씨리얼,흰우유,콘스프'),(64,6,'화','2023-11-07','석식',4800,'얼큰 닭계장,메밀전병/양념간장,감자채 햄볶음,오이부추무침,흑미밥,깍두기'),(65,6,'수','2023-11-08','조식',4800,'감자 돼지고기 찌개,닭다리살 치킨까스/칠리소스,배추된장무침,양배추 새우볶음,쌀밥,배추김치'),(66,6,'수','2023-11-08','중식',4800,'부산식 온밀면,군만두 맛탕,매콤 오징어볶음,오크라 된장무침,쌀밥,배추김치,<<샌드위치 특별식>>,떡갈비 봄동 버거,감자튀김/케찹,양배추 샐러드,코울슬로,오렌지주스,양송이스프'),(67,6,'수','2023-11-08','석식',4800,'장조림 버터 비빔밥,닭강정 가라아게,야채 스크램블 에그,맛살오이초무침,어묵무국,배추김치'),(68,6,'목','2023-11-09','조식',4800,'돼지불고기 김치죽,새우튀김/칠리소스,청포묵 야채무침,고추장 멸치볶음,플레인 요플레,동치미'),(69,6,'목','2023-11-09','중식',4800,'매콤 제육덮밥,감자전/양념간장,볼어묵고추장볶음,시금치 무침,콩나물국,배추김치,<<샌드위치 특별식>>,콘짜렐라 소시지 치아바타,감자고로케/케찹,양상추 샐러드,그래놀라,흰우유,크림스프'),(70,6,'목','2023-11-09','석식',4800,'돼지고기 순두부찌개,너비아니구이/데리야끼소스,숙주무침,미역줄기볶음,흑미밥,깍두기'),(71,6,'금','2023-11-10','조식',4800,'우유달걀카레,미니돈까스/칠리소스,콜리플라워 두부무침,마카로니 마요무침,유부 된장국,배추김치'),(72,6,'금','2023-11-10','중식',4800,'야채듬뿍 비빔당면,콩나물 돼지불고기,순대/양념소금,어묵탕/물떡,후리가케 주먹밥,단무지,<<샌드위치 특별식>>,홍루이젠 샌드위치,웨지감자(치즈맛),양배추 샐러드,초코볼,흰우유,양송이스프'),(73,6,'금','2023-11-10','석식',4800,'나가사끼 짬뽕탕,꿔바로우/청양유자마요소스,고구마 조림,미역초무침,쌀밥,배추김치'),(74,6,'일','2023-11-12','조식',4800,'우렁쌈밥/상추,야채계란찜,매콤 콩나물 무침,들깨버섯볶음,맑은 미역국,배추김치'),(75,6,'일','2023-11-12','중식',4800,'사골 옹심이 만두국,소시지 야채볶음,오징어초무침,양념깻잎무침,흑미밥,배추김치'),(76,6,'일','2023-11-12','석식',4800,'얼큰 육개장,참치두부조림,감자곤약조림,브로콜리 버섯볶음,흑미밥,깍두기');
/*!40000 ALTER TABLE `meal` ENABLE KEYS */;
UNLOCK TABLES;

--
-- Table structure for table `menu`
--

DROP TABLE IF EXISTS `menu`;
/*!40101 SET @saved_cs_client     = @@character_set_client */;
/*!40101 SET character_set_client = utf8 */;
CREATE TABLE `menu` (
  `menu_id` int(11) NOT NULL,
  `meal_id` int(11) NOT NULL,
  `restaurant_id` int(11) NOT NULL,
  `menu_name` varchar(100) DEFAULT NULL,
  PRIMARY KEY (`menu_id`,`meal_id`,`restaurant_id`),
  KEY `FK_MEAL_TO_MENU_1` (`meal_id`),
  KEY `FK_RESTAURANT_TO_MENU_1` (`restaurant_id`),
  CONSTRAINT `FK_MEAL_TO_MENU_1` FOREIGN KEY (`meal_id`) REFERENCES `meal` (`meal_id`),
  CONSTRAINT `FK_RESTAURANT_TO_MENU_1` FOREIGN KEY (`restaurant_id`) REFERENCES `restaurant` (`restaurant_id`)
) ENGINE=InnoDB DEFAULT CHARSET=utf8mb4 COLLATE=utf8mb4_general_ci;
/*!40101 SET character_set_client = @saved_cs_client */;

--
-- Dumping data for table `menu`
--

LOCK TABLES `menu` WRITE;
/*!40000 ALTER TABLE `menu` DISABLE KEYS */;
INSERT INTO `menu` VALUES (1,1,1,'*천원의 아침밥*'),(2,1,1,' 선착순 150명 '),(3,1,1,'흑미밥'),(4,1,1,'계란만둣국'),(5,1,1,'쏘시지야채볶음'),(6,1,1,'깍두기'),(7,1,1,'반찬2종'),(8,1,1,'야채샐러드'),(9,2,1,'흑미밥'),(10,2,1,'계란만둣국'),(11,2,1,'배추김치'),(12,2,1,'해물떡볶이'),(13,2,1,'궁중식잡채'),(14,2,1,'야채샐러드'),(15,3,1,'돈&치킨까스정식'),(16,3,1,'메밀국수'),(17,4,1,'명동칼국수'),(18,4,1,'소고기비빔밥'),(19,4,1,'제육비빔밥'),(20,4,1,'산동짜장면'),(21,4,1,'청경채우동'),(22,5,1,'*천원의 아침밥*'),(23,5,1,' 선착순 150명 '),(24,5,1,'흑미밥'),(25,5,1,'콩나물두붓국'),(26,5,1,'구운토마토'),(27,5,1,'깍두기'),(28,5,1,'반찬2종'),(29,5,1,'야채샐러드'),(30,6,1,'흑미밥'),(31,6,1,'콩나물두붓국'),(32,6,1,'깍두기'),(33,6,1,'순살닭간장볶음'),(34,6,1,'배추&견과류겉절이'),(35,6,1,'야채샐러드'),(36,7,1,'돈&치킨까스정식'),(37,7,1,'메밀국수'),(38,8,1,'명동칼국수'),(39,8,1,'소고기비빔밥'),(40,8,1,'제육비빔밥'),(41,8,1,'산동짜장면'),(42,8,1,'청경채우동'),(43,9,1,'*천원의 아침밥*'),(44,9,1,' 선착순 150명 '),(45,9,1,'볶음밥'),(46,9,1,'미역국'),(47,9,1,'모듬튀김'),(48,9,1,'배추김치'),(49,9,1,'반찬2종'),(50,9,1,'야채샐러드'),(51,10,1,'볶음밥'),(52,10,1,'소고기뭇국'),(53,10,1,'배추김치'),(54,10,1,'탕수육과일소스'),(55,10,1,'상추&쌈장'),(56,10,1,'야채샐러드'),(57,11,1,'돈&치킨까스정식'),(58,11,1,'메밀국수'),(59,12,1,'명동칼국수'),(60,12,1,'소고기비빔밥'),(61,12,1,'제육비빔밥'),(62,12,1,'산동짜장면'),(63,12,1,'청경채우동'),(64,13,1,'*천원의 아침밥*'),(65,13,1,' 선착순 150명 '),(66,13,1,'영양야채죽'),(67,13,1,'프렌치토스트 1/2장'),(68,13,1,'배추김치'),(69,13,1,'반찬2종'),(70,13,1,'야채샐러드'),(71,13,1,'요구르트 1개'),(72,14,1,'곤드레밥'),(73,14,1,'아욱된장국'),(74,14,1,'배추김치'),(75,14,1,'미트볼바베큐'),(76,14,1,'무생채&쌀국수무침'),(77,14,1,'야채샐러드'),(78,15,1,'돈&치킨까스정식'),(79,15,1,'메밀국수'),(80,16,1,'명동칼국수'),(81,16,1,'소고기비빔밥'),(82,16,1,'제육비빔밥'),(83,16,1,'산동짜장면'),(84,16,1,'청경채우동'),(85,17,1,'흰쌀밥'),(86,17,1,'미역국'),(87,17,1,'깍두기'),(88,17,1,'제육김치'),(89,17,1,'콩나물&야채무침'),(90,17,1,'야채샐러드'),(91,18,1,'돈&치킨까스정식'),(92,18,1,'메밀국수'),(93,19,1,'명동칼국수'),(94,19,1,'소고기비빔밥'),(95,19,1,'제육비빔밥'),(96,19,1,'산동짜장면'),(97,19,1,'청경채우동'),(98,20,2,'잡곡밥'),(99,20,2,'부대찌개'),(100,20,2,'치킨까스*머스터드s'),(101,20,2,'뿌리채소고구마범벅'),(102,20,2,'시금치나물'),(103,20,2,'깍두기'),(104,20,2,'숭늉'),(105,21,2,'병아리콩카레라이스'),(106,21,2,'근대된장국'),(107,21,2,'클링클컷감자튀김'),(108,21,2,'그린샐러드*석류D'),(109,21,2,'단무지무침'),(110,21,2,'배추김치'),(111,21,2,'숭늉'),(112,22,2,'잡곡밥'),(113,22,2,'바지락미역국'),(114,22,2,'제육두반장볶음'),(115,22,2,'연두부새싹샐러드'),(116,22,2,'가지호박볶음'),(117,22,2,'배추김치'),(118,22,2,'숭늉'),(119,23,2,'표고버섯톳영양밥'),(120,23,2,'곤약어묵국'),(121,23,2,'미니돈까스강정'),(122,23,2,'콩나물무침'),(123,23,2,'고사리들깨나물'),(124,23,2,'배추김치'),(125,23,2,'숭늉'),(126,24,2,'햄김치볶음밥'),(127,24,2,'무청된장국'),(128,24,2,'후르츠탕수육'),(129,24,2,'마카로니콘샐러드'),(130,24,2,'쫑상추무침'),(131,24,2,'깍두기'),(132,24,2,'숭늉'),(133,25,2,'잡곡밥'),(134,25,2,'김치수제비국'),(135,25,2,'고등어구이*와사비장'),(136,25,2,'미트볼칠리조림'),(137,25,2,'청경채나물'),(138,25,2,'깍두기'),(139,25,2,'숭늉'),(140,26,2,'잡곡밥'),(141,26,2,'소고기장터국'),(142,26,2,'파프리카잡채'),(143,26,2,'맛살브로콜리볶음'),(144,26,2,'미역레몬초무침'),(145,26,2,'깍두기'),(146,26,2,'숭늉'),(147,27,2,'잡곡밥'),(148,27,2,'황태칼국수'),(149,27,2,'계란찜'),(150,27,2,'옥수수맛탕'),(151,27,2,'해초무순샐러드'),(152,27,2,'배추김치'),(153,27,2,'숭늉'),(154,28,2,'잡곡밥'),(155,28,2,'팽이버섯유부국'),(156,28,2,'매콤오징어떡볶음'),(157,28,2,'알감자조림'),(158,28,2,'삼색숙주나물'),(159,28,2,'깍두기'),(160,28,2,'숭늉'),(161,29,2,'잡곡밥'),(162,29,2,'콩비지찌개'),(163,29,2,'너비아니구이'),(164,29,2,'열무나물무침'),(165,29,2,'멸치볶음'),(166,29,2,'깍두기'),(167,29,2,'숭늉'),(168,30,2,'잡곡밥'),(169,30,2,'배추된장국'),(170,30,2,'생선까스*타르타르s'),(171,30,2,'볼어묵피망볶음'),(172,30,2,'검은깨묵오이무침'),(173,30,2,'깍두기'),(174,30,2,'숭늉'),(175,31,3,'<자율한식>'),(176,31,3,'돼지콩나물두루치기'),(177,31,3,'계란실파국'),(178,31,3,'쌀밥'),(179,31,3,'햄감자채볶음'),(180,31,3,'미역줄기볶음'),(181,31,3,'깍두기'),(182,31,3,'<추가메뉴>'),(183,31,3,'소떡소떡'),(184,32,3,'<자율한식>'),(185,32,3,'뚝배기닭칼국수'),(186,32,3,'쌀밥'),(187,32,3,'만두깡풍강정'),(188,32,3,'볼어묵볶음'),(189,32,3,'도시락김'),(190,32,3,'배추김치'),(191,32,3,'<추가메뉴>'),(192,32,3,'소떡소떡'),(193,33,3,'<일품코너A>'),(194,33,3,'차슈라멘'),(195,33,3,'<일품코너B>'),(196,33,3,'치킨마요덮밥&우동장국'),(197,33,3,'<셀프바>'),(198,33,3,'야채춘권'),(199,33,3,'배추김치'),(200,33,3,'<추가메뉴>'),(201,33,3,'소떡소떡'),(202,34,3,'<자율한식>'),(203,34,3,'김치볶음밥'),(204,34,3,'&계란후라이'),(205,34,3,'맑은콩나물국'),(206,34,3,'청양풍동그랑땡'),(207,34,3,'들기름막국수'),(208,34,3,'양배추마늘소스샐러드'),(209,34,3,'배추김치'),(210,34,3,'<추가메뉴>'),(211,34,3,'소떡소떡'),(212,35,3,'<일품코너A>'),(213,35,3,'카레라이스'),(214,35,3,'&돈까스토핑'),(215,35,3,'<일품코너B>'),(216,35,3,'따끈한순두부짬뽕'),(217,35,3,'&도시락김'),(218,35,3,'<셀프바>'),(219,35,3,'빼빼로츄러스'),(220,35,3,'배추김치'),(221,36,4,'매콤엽기떡볶이'),(222,36,4,'셀프후리가케주먹밥'),(223,36,4,'오뎅탕'),(224,36,4,'파송송계란찜'),(225,36,4,'반달단무지'),(226,36,4,'마카로니콘샐러드'),(227,36,4,'배추김치'),(228,36,4,'<후식>'),(229,36,4,'쿨피스'),(230,36,4,'파인애플맛'),(231,37,4,'뚝)참치김치찌개'),(232,37,4,'쌀밥'),(233,37,4,'감자햄볶음'),(234,37,4,'콩나물무침'),(235,37,4,'미니도시락김'),(236,37,4,'깍두기'),(237,37,4,'<후식>'),(238,37,4,'누룽지숭늉'),(239,38,4,'날치알김치볶음밥'),(240,38,4,'미니잔치국수'),(241,38,4,'뿌링클치킨'),(242,38,4,'꼬들단무지'),(243,38,4,'그린샐러드*자두드레싱'),(244,38,4,'깍두기'),(245,38,4,'<후식>요구르트'),(246,39,4,'숯불매콤제육볶음'),(247,39,4,'쌀밥'),(248,39,4,'유부된장국'),(249,39,4,'브로콜리버섯볶음'),(250,39,4,'매콤새콤쫄면무침'),(251,39,4,'건파래볶음'),(252,39,4,'배추김치'),(253,39,4,'<후식>누룽지숭늉'),(254,40,4,'꼬치어묵우동'),(255,40,4,'미니밥'),(256,40,4,'탕수육강정'),(257,40,4,'매콤단무지무침'),(258,40,4,'그린샐러드*애플드레싱'),(259,40,4,'배추김치'),(260,40,4,'<후식>코조젤리스틱'),(261,41,5,'쌀밥'),(262,41,5,'짬뽕국'),(263,41,5,'닭데리소스조림'),(264,41,5,'에호박새우젓볶음'),(265,41,5,'김구이'),(266,41,5,'배추김치'),(267,41,5,'샐러드'),(268,42,5,'(정품)'),(269,42,5,'잡곡밥'),(270,42,5,'설렁탕/소면사리'),(271,42,5,'메밀전'),(272,42,5,'메추리알조림'),(273,42,5,'깻잎지무침'),(274,42,5,'깍두기'),(275,42,5,'(일품)'),(276,42,5,'숯불고기야채비빔밥'),(277,42,5,'/김가루'),(278,42,5,'유부장국'),(279,42,5,'떡잡채'),(280,42,5,'해초샐러드'),(281,42,5,'배추김치'),(282,43,5,'돈코츠라멘'),(283,43,5,'후리가께김가루밥'),(284,43,5,'새우까스/소스'),(285,43,5,'단무지무침'),(286,43,5,'배추김치'),(287,44,5,'후렌치토스트'),(288,44,5,'모닝빵샌드위치'),(289,44,5,'포크비엔나'),(290,44,5,'콘치즈구이'),(291,44,5,'양상추샐러드'),(292,44,5,'모듬수제피클'),(293,44,5,'오렌지쥬스'),(294,45,5,'(정품)'),(295,45,5,'잡곡밥'),(296,45,5,'맑은순두부국'),(297,45,5,'매콤닭갈비'),(298,45,5,'만두튀김'),(299,45,5,'얼갈이나물'),(300,45,5,'깍두기'),(301,45,5,'(일품)'),(302,45,5,'파인애플수제함박스텍'),(303,45,5,'브로콜리스프'),(304,45,5,'삼색볶음밥'),(305,45,5,'감자튀김/케찹'),(306,45,5,'양상추샐러드'),(307,45,5,'배추김치'),(308,46,5,'잡곡밥'),(309,46,5,'얼큰콩나물국'),(310,46,5,'탕수육'),(311,46,5,'마라상궈'),(312,46,5,'치커리유자청무침'),(313,46,5,'배추김치'),(314,47,5,'쌀밥'),(315,47,5,'북어채국'),(316,47,5,'떡스테이크조림'),(317,47,5,'두부구이/양념장'),(318,47,5,'오이양파무침'),(319,47,5,'배추김치'),(320,47,5,'샐러드'),(321,48,5,'(정품)'),(322,48,5,'잡곡밥'),(323,48,5,'미역국'),(324,48,5,'신김치제육볶음'),(325,48,5,'야채계란찜'),(326,48,5,'상추겉절이'),(327,48,5,'배추김치'),(328,48,5,'(일품)'),(329,48,5,'양지쌀국수'),(330,48,5,'후리가께김가루밥'),(331,48,5,'수제새우튀김(2P)'),(332,48,5,'야채샐러드'),(333,48,5,'배추김치'),(334,49,5,'잡곡밥'),(335,49,5,'차돌고추장찌개'),(336,49,5,'훈제오리/쌈무'),(337,49,5,'감자어묵조림'),(338,49,5,'청경채나물'),(339,49,5,'배추김치'),(340,50,5,'쌀밥'),(341,50,5,'김치콩나물국'),(342,50,5,'소불고기'),(343,50,5,'청포묵김가루무침'),(344,50,5,'브로콜리/초장'),(345,50,5,'배추김치'),(346,50,5,'샐러드'),(347,51,5,'(정품)'),(348,51,5,'잡곡밥'),(349,51,5,'사골우거지국'),(350,51,5,'모듬장조림'),(351,51,5,'동그랑땡/케찹'),(352,51,5,'부추무침'),(353,51,5,'깍두기'),(354,51,5,'(일품)'),(355,51,5,'베이컨김치볶음밥'),(356,51,5,'계란후라이/김가루'),(357,51,5,'유부장국'),(358,51,5,'돈까스/소스'),(359,51,5,'양상추샐러드'),(360,51,5,'깍두기'),(361,52,5,'쌀밥'),(362,52,5,'수제비만두국'),(363,52,5,'너비아니조림'),(364,52,5,'야채전'),(365,52,5,'배추겉절이'),(366,52,5,'요구르트'),(367,53,5,'쌀밥'),(368,53,5,'된장국'),(369,53,5,'수제미트볼조림'),(370,53,5,'야채계란볶음'),(371,53,5,'김자반'),(372,53,5,'배추김치'),(373,53,5,'샐러드'),(374,54,5,'(정품)'),(375,54,5,'잡곡밥'),(376,54,5,'두부김치찌개'),(377,54,5,'가라야께/청양마요소스'),(378,54,5,'알감자조림'),(379,54,5,'콩나물무침'),(380,54,5,'깍두기'),(381,54,5,'(일품)'),(382,54,5,'한방보쌈'),(383,54,5,'메밀비빔국수'),(384,54,5,'우동국물'),(385,54,5,'모듬주먹밥'),(386,54,5,'배추겉절이'),(387,55,5,'잡곡밥'),(388,55,5,'차돌순두부짜개/쫄면사리'),(389,55,5,'마늘닭간장구이'),(390,55,5,'김말이튀김'),(391,55,5,'오이부추무침'),(392,55,5,'배추김치'),(393,56,5,'쌀밥'),(394,56,5,'짜그리찌개'),(395,56,5,'치킨까스/소스'),(396,56,5,'비엔나콩조림'),(397,56,5,'시금치나물'),(398,56,5,'배추김치'),(399,56,5,'샐러드'),(400,57,5,'차돌떡볶이'),(401,57,5,'모듬튀김'),(402,57,5,'김주먹밥'),(403,57,5,'어묵탕'),(404,57,5,'샐러드'),(405,57,5,'단무지'),(406,58,5,'잡곡밥'),(407,58,5,'얼큰소고기무국'),(408,58,5,'돈육계란장조림'),(409,58,5,'감자채볶음'),(410,58,5,'모듬겉절이'),(411,58,5,'배추김치'),(412,59,6,'새우계란죽'),(413,59,6,'간장 미니깐풍기'),(414,59,6,'메추리알 장조림'),(415,59,6,'무나물 볶음'),(416,59,6,'귤'),(417,59,6,'배추김치'),(418,60,6,'업진살 쌀국수'),(419,60,6,'야채춘권/칠리소스'),(420,60,6,'청피망 버섯볶음'),(421,60,6,'양배추 파인애플 무침'),(422,60,6,'셀프 김가루 주먹밥'),(423,60,6,'배추김치'),(424,60,6,'<<샌드위치 특별식>>'),(425,60,6,'스리라차 칠리마요 치킨텐더버거'),(426,60,6,'맥앤치즈/크래커'),(427,60,6,'양배추 샐러드'),(428,60,6,'플레인 요거트'),(429,60,6,'사이다'),(430,60,6,'크림스프'),(431,61,6,'돼지고기 김치찌개'),(432,61,6,'치킨너겟/머스타드소스'),(433,61,6,'콩나물 무침'),(434,61,6,'도토리묵 김가루무침'),(435,61,6,'쌀밥'),(436,61,6,'배추김치'),(437,62,6,'소고기 무국'),(438,62,6,'미니떡갈비/데리야끼소스'),(439,62,6,'고사리볶음'),(440,62,6,'애호박 양파볶음'),(441,62,6,'쌀밥'),(442,62,6,'깍두기'),(443,63,6,'짜장 닭조림 덮밥'),(444,63,6,'동그랑땡/칠리소스'),(445,63,6,'유채나물 유자무침'),(446,63,6,'연두부/양념간장'),(447,63,6,'파송송 계란국'),(448,63,6,'단무지 부추무침'),(449,63,6,'<<샌드위치 특별식>>'),(450,63,6,'햄치즈 감자샐러드 치아바타 '),(451,63,6,'고구마 고로케/칠리소스'),(452,63,6,'양상추 샐러드'),(453,63,6,'콘씨리얼'),(454,63,6,'흰우유'),(455,63,6,'콘스프'),(456,64,6,'얼큰 닭계장'),(457,64,6,'메밀전병/양념간장'),(458,64,6,'감자채 햄볶음'),(459,64,6,'오이부추무침'),(460,64,6,'흑미밥'),(461,64,6,'깍두기'),(462,65,6,'감자 돼지고기 찌개'),(463,65,6,'닭다리살 치킨까스/칠리소스'),(464,65,6,'배추된장무침'),(465,65,6,'양배추 새우볶음'),(466,65,6,'쌀밥'),(467,65,6,'배추김치'),(468,66,6,'부산식 온밀면'),(469,66,6,'군만두 맛탕'),(470,66,6,'매콤 오징어볶음'),(471,66,6,'오크라 된장무침'),(472,66,6,'쌀밥'),(473,66,6,'배추김치'),(474,66,6,'<<샌드위치 특별식>>'),(475,66,6,'떡갈비 봄동 버거'),(476,66,6,'감자튀김/케찹'),(477,66,6,'양배추 샐러드'),(478,66,6,'코울슬로'),(479,66,6,'오렌지주스'),(480,66,6,'양송이스프'),(481,67,6,'장조림 버터 비빔밥'),(482,67,6,'닭강정 가라아게'),(483,67,6,'야채 스크램블 에그'),(484,67,6,'맛살오이초무침'),(485,67,6,'어묵무국'),(486,67,6,'배추김치'),(487,68,6,'돼지불고기 김치죽'),(488,68,6,'새우튀김/칠리소스'),(489,68,6,'청포묵 야채무침'),(490,68,6,'고추장 멸치볶음'),(491,68,6,'플레인 요플레'),(492,68,6,'동치미'),(493,69,6,'매콤 제육덮밥'),(494,69,6,'감자전/양념간장'),(495,69,6,'볼어묵고추장볶음'),(496,69,6,'시금치 무침'),(497,69,6,'콩나물국'),(498,69,6,'배추김치'),(499,69,6,'<<샌드위치 특별식>>'),(500,69,6,'콘짜렐라 소시지 치아바타'),(501,69,6,'감자고로케/케찹'),(502,69,6,'양상추 샐러드'),(503,69,6,'그래놀라'),(504,69,6,'흰우유'),(505,69,6,'크림스프'),(506,70,6,'돼지고기 순두부찌개'),(507,70,6,'너비아니구이/데리야끼소스'),(508,70,6,'숙주무침'),(509,70,6,'미역줄기볶음'),(510,70,6,'흑미밥'),(511,70,6,'깍두기'),(512,71,6,'우유달걀카레'),(513,71,6,'미니돈까스/칠리소스'),(514,71,6,'콜리플라워 두부무침'),(515,71,6,'마카로니 마요무침'),(516,71,6,'유부 된장국'),(517,71,6,'배추김치'),(518,72,6,'야채듬뿍 비빔당면'),(519,72,6,'콩나물 돼지불고기'),(520,72,6,'순대/양념소금'),(521,72,6,'어묵탕/물떡'),(522,72,6,'후리가케 주먹밥'),(523,72,6,'단무지'),(524,72,6,'<<샌드위치 특별식>>'),(525,72,6,'홍루이젠 샌드위치'),(526,72,6,'웨지감자(치즈맛)'),(527,72,6,'양배추 샐러드'),(528,72,6,'초코볼'),(529,72,6,'흰우유'),(530,72,6,'양송이스프'),(531,73,6,'나가사끼 짬뽕탕'),(532,73,6,'꿔바로우/청양유자마요소스'),(533,73,6,'고구마 조림'),(534,73,6,'미역초무침'),(535,73,6,'쌀밥'),(536,73,6,'배추김치'),(537,74,6,'우렁쌈밥/상추'),(538,74,6,'야채계란찜'),(539,74,6,'매콤 콩나물 무침'),(540,74,6,'들깨버섯볶음'),(541,74,6,'맑은 미역국'),(542,74,6,'배추김치'),(543,75,6,'사골 옹심이 만두국'),(544,75,6,'소시지 야채볶음'),(545,75,6,'오징어초무침'),(546,75,6,'양념깻잎무침'),(547,75,6,'흑미밥'),(548,75,6,'배추김치'),(549,76,6,'얼큰 육개장'),(550,76,6,'참치두부조림'),(551,76,6,'감자곤약조림'),(552,76,6,'브로콜리 버섯볶음'),(553,76,6,'흑미밥'),(554,76,6,'깍두기');
/*!40000 ALTER TABLE `menu` ENABLE KEYS */;
UNLOCK TABLES;

--
-- Table structure for table `order`
--

DROP TABLE IF EXISTS `order`;
/*!40101 SET @saved_cs_client     = @@character_set_client */;
/*!40101 SET character_set_client = utf8 */;
CREATE TABLE `order` (
  `order_id` int(11) NOT NULL AUTO_INCREMENT,
  `user_id` int(11) NOT NULL,
  `restaurant_id` int(11) NOT NULL,
  `meal_id` int(11) NOT NULL,
  `price` int(11) DEFAULT NULL,
  `payment_method` varchar(100) DEFAULT NULL,
  `order_datetime` datetime DEFAULT NULL,
  `receive_datetime` datetime DEFAULT NULL,
  PRIMARY KEY (`order_id`,`user_id`,`restaurant_id`,`meal_id`),
  KEY `FK_USER_TO_ORDER_1` (`user_id`),
  KEY `FK_RESTAURANT_TO_ORDER_1` (`restaurant_id`),
  KEY `FK_MEAL_TO_ORDER_1` (`meal_id`),
  CONSTRAINT `FK_MEAL_TO_ORDER_1` FOREIGN KEY (`meal_id`) REFERENCES `meal` (`meal_id`),
  CONSTRAINT `FK_RESTAURANT_TO_ORDER_1` FOREIGN KEY (`restaurant_id`) REFERENCES `restaurant` (`restaurant_id`),
  CONSTRAINT `FK_USER_TO_ORDER_1` FOREIGN KEY (`user_id`) REFERENCES `user` (`user_id`)
) ENGINE=InnoDB AUTO_INCREMENT=55 DEFAULT CHARSET=utf8mb4 COLLATE=utf8mb4_general_ci;
/*!40101 SET character_set_client = @saved_cs_client */;

--
-- Dumping data for table `order`
--

LOCK TABLES `order` WRITE;
/*!40000 ALTER TABLE `order` DISABLE KEYS */;
INSERT INTO `order` VALUES (1,1,1,2,5000,'card','2023-11-11 08:00:00','2023-11-11 09:00:00'),(2,2080035,1,9,5000,'','2023-11-22 03:07:07','2023-11-22 03:07:07'),(3,2080035,2,24,5000,'계좌이체/무통장입금','2023-11-22 03:08:07','2023-11-22 03:08:07'),(4,2080035,4,38,5000,'신용/체크카드','2023-11-22 03:09:39','2023-11-22 03:09:39'),(5,2080035,2,25,5000,'신용/체크카드','2023-11-22 03:16:15','2023-11-22 03:16:15'),(6,2080035,2,20,5000,'휴대폰','2023-11-22 03:16:42','2023-11-22 03:16:42'),(7,2080035,4,39,5000,'계좌이체/무통장입금','2023-11-22 03:20:48','2023-11-22 03:20:48'),(8,2080035,4,39,5000,'계좌이체/무통장입금','2023-11-22 03:21:40','2023-11-22 03:21:40'),(9,2080035,6,63,5000,'신용/체크카드','2023-11-22 03:25:32','2023-11-22 03:25:32'),(10,2080035,6,67,5000,'신용/체크카드','2023-11-22 03:25:53','2023-11-22 03:25:53'),(11,2076016,5,44,5000,'신용/체크카드','2023-11-22 03:29:08','2023-11-22 03:29:08'),(12,2076016,5,49,5000,'','2023-11-22 03:29:41','2023-11-22 03:29:41'),(13,2076016,5,57,5000,'휴대폰','2023-11-22 03:29:53','2023-11-22 03:29:53'),(14,2076016,3,31,5000,'','2023-11-22 03:32:48','2023-11-22 03:32:48'),(15,2076016,3,35,5000,'신용/체크카드','2023-11-22 03:32:58','2023-11-22 03:32:58'),(16,2076016,1,19,5000,'신용/체크카드','2023-11-22 03:35:01','2023-11-22 03:35:01'),(17,2076016,1,5,5000,'신용/체크카드','2023-11-22 03:35:17','2023-11-22 03:35:17'),(18,2076016,1,10,5000,'','2023-11-22 03:35:26','2023-11-22 03:35:26'),(19,2076016,2,21,5000,'계좌이체/무통장입금','2023-11-22 03:39:35','2023-11-22 03:39:35'),(20,2076016,2,23,5000,'계좌이체/무통장입금','2023-11-22 03:39:52','2023-11-22 03:39:52'),(21,2176540,4,39,5000,'','2023-11-22 03:43:17','2023-11-22 03:43:17'),(22,2176540,4,36,5000,'신용/체크카드','2023-11-22 03:43:24','2023-11-22 03:43:24'),(23,2176540,2,26,5000,'계좌이체/무통장입금','2023-11-22 03:46:02','2023-11-22 03:46:02'),(24,2176540,2,23,5000,'계좌이체/무통장입금','2023-11-22 03:46:10','2023-11-22 03:46:10'),(25,2176540,2,29,5000,'계좌이체/무통장입금','2023-11-22 03:46:23','2023-11-22 03:46:23'),(26,2176540,4,39,5000,'','2023-11-22 03:49:33','2023-11-22 03:49:33'),(27,2176540,4,38,5000,'신용/체크카드','2023-11-22 03:49:39','2023-11-22 03:49:39'),(28,2176540,4,40,5000,'신용/체크카드','2023-11-22 03:50:41','2023-11-22 03:50:41'),(29,2176540,6,67,5000,'계좌이체/무통장입금','2023-11-22 03:51:43','2023-11-22 03:51:43'),(30,2176540,6,61,5000,'','2023-11-22 03:51:52','2023-11-22 03:51:52'),(31,1971050,5,50,5000,'계좌이체/무통장입금','2023-11-22 03:59:00','2023-11-22 03:59:00'),(32,1971050,5,42,5000,'계좌이체/무통장입금','2023-11-22 03:59:13','2023-11-22 03:59:13'),(33,1971050,5,43,5000,'계좌이체/무통장입금','2023-11-22 03:59:25','2023-11-22 03:59:25'),(34,1971050,3,34,5000,'계좌이체/무통장입금','2023-11-22 03:59:38','2023-11-22 03:59:38'),(35,1971050,3,32,5000,'계좌이체/무통장입금','2023-11-22 03:59:45','2023-11-22 03:59:45'),(36,1971050,3,31,5000,'계좌이체/무통장입금','2023-11-22 03:59:51','2023-11-22 03:59:51'),(37,1971050,2,24,5000,'계좌이체/무통장입금','2023-11-22 04:00:09','2023-11-22 04:00:09'),(38,1971050,2,23,5000,'계좌이체/무통장입금','2023-11-22 04:00:13','2023-11-22 04:00:13'),(39,1971050,2,23,5000,'휴대폰','2023-11-22 04:00:21','2023-11-22 04:00:21'),(40,1971050,2,21,5000,'계좌이체/무통장입금','2023-11-22 04:00:32','2023-11-22 04:00:32'),(41,1971050,5,42,5000,'계좌이체/무통장입금','2023-11-22 04:00:56','2023-11-22 04:00:56'),(42,1971050,5,52,5000,'계좌이체/무통장입금','2023-11-22 04:01:08','2023-11-22 04:01:08'),(43,1971050,5,58,5000,'휴대폰','2023-11-22 04:01:23','2023-11-22 04:01:23'),(44,1971050,5,49,5000,'휴대폰','2023-11-22 04:01:30','2023-11-22 04:01:30'),(45,1871050,2,24,5000,'계좌이체/무통장입금','2023-11-22 04:07:02','2023-11-22 04:07:02'),(46,1871050,2,20,5000,'계좌이체/무통장입금','2023-11-22 04:07:12','2023-11-22 04:07:12'),(47,1871050,2,29,5000,'계좌이체/무통장입금','2023-11-22 04:07:17','2023-11-22 04:07:17'),(48,1871050,3,31,5000,'계좌이체/무통장입금','2023-11-22 04:07:33','2023-11-22 04:07:33'),(49,1871050,3,35,5000,'계좌이체/무통장입금','2023-11-22 04:07:42','2023-11-22 04:07:42'),(50,1871050,1,11,5000,'계좌이체/무통장입금','2023-11-22 04:07:52','2023-11-22 04:07:52'),(51,1871050,1,8,5000,'계좌이체/무통장입금','2023-11-22 04:08:01','2023-11-22 04:08:01'),(52,1871050,1,3,5000,'계좌이체/무통장입금','2023-11-22 04:08:07','2023-11-22 04:08:07'),(53,1871050,1,2,5000,'계좌이체/무통장입금','2023-11-22 04:08:14','2023-11-22 04:08:14'),(54,1871050,1,17,5000,'계좌이체/무통장입금','2023-11-22 04:08:25','2023-11-22 04:08:25');
/*!40000 ALTER TABLE `order` ENABLE KEYS */;
UNLOCK TABLES;

--
-- Table structure for table `restaurant`
--

DROP TABLE IF EXISTS `restaurant`;
/*!40101 SET @saved_cs_client     = @@character_set_client */;
/*!40101 SET character_set_client = utf8 */;
CREATE TABLE `restaurant` (
  `restaurant_id` int(11) NOT NULL,
  `restaurant_name` varchar(100) DEFAULT NULL,
  `call_number` varchar(100) DEFAULT NULL,
  `location` varchar(100) DEFAULT NULL,
  `introduction` varchar(1000) DEFAULT NULL,
  `available_time` varchar(1000) DEFAULT NULL,
  PRIMARY KEY (`restaurant_id`),
  KEY `idx_restaurant_id` (`restaurant_id`)
) ENGINE=InnoDB DEFAULT CHARSET=utf8mb4 COLLATE=utf8mb4_general_ci;
/*!40101 SET character_set_client = @saved_cs_client */;

--
-- Dumping data for table `restaurant`
--

LOCK TABLES `restaurant` WRITE;
/*!40000 ALTER TABLE `restaurant` DISABLE KEYS */;
INSERT INTO `restaurant` VALUES (1,'I-House 학생식당','02-313-7071','대학원 기숙사 A/B동 I-House C동 B1층','I-House 학생식당은 생활환경관 및 SK텔레콤관 근처에 위치하고 있어 국제교육관, 신세계관, 생활환경관, 학생문화관 그리고 ECC 등에서 이용하기 편리합니다. 물론 아이하우스에 거주하는 외국인학생들과 대학원생들도 이용 가능합니다.\n\n학교의 대표적인 학생식당으로 자리매김할 I-House 학생식당은 자율배식형 정식(한식)과 돈까스 및 스파게티와 같은 양식, 그리고 명동칼국수와 제육덮밥 등을 판매합니다. 매장 안에 카패도 있어 다양한 종류의 음료와 베이커리를 즐기실 수 있습니다.','11시~18시 30분\n(쉬는시간 15시~16시, 까페는 이용가능)'),(2,'진·선·미관 식당','02-3277-2093','진선미관 (이화·포스코관 옆)','진 ·선·미관 식당은 이화 ·포스코관 옆 진선미관 1층에 위치하고 있어 이화 ·포스코관 , 종합과학관에서 이용하기 편리하다. \n학기 중에는 토요일도 평일같이 운영하고 있으며, 이화가배당이라는 카페도 운영하고 있다.','·이용시간\n1. 평일, 공휴일\n  · 점심 11:00-14:00\n  · 저녁 17:00-19:00\n\n2. 토요일은 평일 동일 시간에 점심, 저녁 모두 제공\n\n3. 일요일은 휴무\n\n4. 진관실, 미관1실, 미관2실 이용안내\n  · 한정식(자연솜씨)식당을 이용해야 하며 예약제로 사용가능하다.\n  · 도시락주문은 하루 전 예약제로 가능하다.\n  · 사용가능 인원\n     진관실 : 2∼20명\n     미관1실 : 2∼8명\n     미관2실 : 2∼8명\n  · 문의전화 : 02-362-5559'),(3,'헬렌관 식당','02-3277-3369','헬렌관 3층','헬렌관식당은 중앙도서관 바로 앞에 위치하고 있어 도서관, 법학관, 음악관, 조형예술관, 체육관, 본관 등에서 이용하기 편리합니다. \n메뉴는 한식 외 양식, 덮밥, 분식, take-out 등이며 양질의 다양한 메뉴를 제공함으로써 교내 구성원의 만족도를 높이기 위하여 최선을 다하겠습니다.\n\n※ 운영코너: 옛향(한식), 푸드코트(가스야, 덮고볶고), 즉석코너','·이용시간\n평일 중식: 11:00~14:00\n＊방학기간에는 11:30~13:30'),(4,'공대식당','02-3277-3383','신공학관 지하 2층','공대식당은 아산공학관 옆 신공학관 지하2층에 위치하고 있어 공대생들이 이용하기 편리하다. 학기 중에는 저녁식사 및 간식(라면)도 운영하고 있으며, 외부인들도 이용가능하다. 식권은 식권자판기를 이용해 누구나 편리하게 구입가능하다. 방학중에는 중식만 운영되고 있다.','·이용시간\n1. 학기중(현재)\n  · 식당\n     점심 11:30-14:00 / 저녁 (운영없음)추후공지\n     (금요일 석식 운영 없음)\n  \n2. 방학중\n  · 식당\n     점심 11:30-13:30\n  · 카페\n     미정'),(5,'한우리집 식당','02-3277-5913','한우리집 지하 1층','맛있지만 건강한 원칙을 가지고 어머니의 정성이 담긴 행복한 식사시간을 365일동안 세끼 제공하고 있습니다. 어머니의 손맛으로 한식과 일품식을 제공하고 있으며 매주 다양한 식단을 선보이고 있습니다.(주말, 공휴일, 방학은 상황에 따라 변동 가능)\n식당 내에는 CU편의점과 카페가 함께 위치해있습니다.','·이용시간\n*학기 중 평일\n1. 식당:\n*조식 : 07:30~09:30\n*중식: 11:30-14:00\n*석식: 17:00-18:45\n\n2. 편의점 : 24시간 무인 운영\n3. 카페 : 07:30~19:00\n\n*학기중 주말, 공휴일 및 방학 (변동될 수 있음)\n1. 식당:\n*조식 : 07:30~09:00\n*중식: 11:30-13:30\n*석식: 17:30-18:45\n\n2. 편의점 : 24시간 무인 운영\n3. 카페 : 07:30~14:00'),(6,'E-House 식당(201동)','02-3277-5909','이하우스 201동 식당','\'Health is everything\'이란 컨셉의 E-House 기숙사 식당은 건강한 학식을 제공하고 있으며, 매일 배송되는 신선한 식재료와 다양한 레시피로 사생들의 건강한 식습관 및 건강 유지에 기여하도록 노력하고 있습니다.\n조,중,석식을 자율식으로 제공하고, 평일점심에는 일품메뉴를 추가로 제공합니다.\n또한 \'학기급식\' 신청 시 선택식 식수에 따라 할인율을 다르게 적용 받을 수 있습니다.\nE-House 기숙사 식당은 사생들의 Meal Solution을 해결하기 위해 항상 노력하고 있습니다.','·이용시간\n*학기 중 평일\n-아침: 07:30~09:30\n-점심: 11:30~14:00\n-저녁: 17:00~18:45\n\n*학기중 일요일/공휴일(변동될 수 있음)\n-아침: 07:30~09:00\n-점심: 11:30~13:30\n-저녁: 17:30~18:45\n\n*토요일 미운영');
/*!40000 ALTER TABLE `restaurant` ENABLE KEYS */;
UNLOCK TABLES;

--
-- Table structure for table `restaurant_images`
--

DROP TABLE IF EXISTS `restaurant_images`;
/*!40101 SET @saved_cs_client     = @@character_set_client */;
/*!40101 SET character_set_client = utf8 */;
CREATE TABLE `restaurant_images` (
  `image_id` int(11) NOT NULL,
  `restaurant_id` int(11) NOT NULL,
  `image_url` varchar(1000) DEFAULT NULL,
  PRIMARY KEY (`image_id`,`restaurant_id`),
  KEY `FK_RESTAURANT_TO_RESTAURANT_IMAGES_1` (`restaurant_id`),
  CONSTRAINT `FK_RESTAURANT_TO_RESTAURANT_IMAGES_1` FOREIGN KEY (`restaurant_id`) REFERENCES `restaurant` (`restaurant_id`)
) ENGINE=InnoDB DEFAULT CHARSET=utf8mb4 COLLATE=utf8mb4_general_ci;
/*!40101 SET character_set_client = @saved_cs_client */;

--
-- Dumping data for table `restaurant_images`
--

LOCK TABLES `restaurant_images` WRITE;
/*!40000 ALTER TABLE `restaurant_images` DISABLE KEYS */;
INSERT INTO `restaurant_images` VALUES (1,1,'http://www.ewha.ac.kr/app/board/attach/image/328586-1679293142000.do'),(2,1,'http://www.ewha.ac.kr/app/board/attach/image/328587-1679293142000.do'),(3,1,'http://www.ewha.ac.kr/app/board/attach/image/328589-1679293143000.do'),(4,1,'http://www.ewha.ac.kr/app/board/attach/image/328591-1679293172000.do'),(5,2,'http://www.ewha.ac.kr/app/board/attach/image/1178-1576629826000.do'),(6,2,'http://www.ewha.ac.kr/app/board/attach/image/1179-1576629827000.do'),(7,2,'http://www.ewha.ac.kr/app/board/attach/image/1180-1576629828000.do'),(8,2,'http://www.ewha.ac.kr/app/board/attach/image/1181-1576629828000.do'),(9,2,'http://www.ewha.ac.kr/app/board/attach/image/1182-1576629829000.do'),(10,2,'http://www.ewha.ac.kr/app/board/attach/image/1183-1576629829000.do'),(11,3,'http://www.ewha.ac.kr/app/board/attach/image/76915-1577667369000.do'),(12,3,'http://www.ewha.ac.kr/app/board/attach/image/76916-1577667370000.do'),(13,3,'http://www.ewha.ac.kr/app/board/attach/image/76917-1577667371000.do'),(14,3,'http://www.ewha.ac.kr/app/board/attach/image/76918-1577667373000.do'),(15,3,'http://www.ewha.ac.kr/app/board/attach/image/76919-1577667374000.do'),(16,4,'http://www.ewha.ac.kr/app/board/attach/image/1170-1576629666000.do'),(17,4,'http://www.ewha.ac.kr/app/board/attach/image/1171-1576629667000.do'),(18,4,'http://www.ewha.ac.kr/app/board/attach/image/1172-1576629668000.do'),(19,4,'http://www.ewha.ac.kr/app/board/attach/image/1173-1576629668000.do'),(20,4,'http://www.ewha.ac.kr/app/board/attach/image/1174-1576629669000.do'),(21,5,'http://www.ewha.ac.kr/app/board/attach/image/1197-1576630000000.do'),(22,5,'http://www.ewha.ac.kr/app/board/attach/image/1198-1576630001000.do'),(23,5,'http://www.ewha.ac.kr/app/board/attach/image/1199-1576630001000.do'),(24,5,'http://www.ewha.ac.kr/app/board/attach/image/1200-1576630002000.do'),(25,6,'http://www.ewha.ac.kr/app/board/attach/image/1205-1576630245000.do'),(26,6,'http://www.ewha.ac.kr/app/board/attach/image/1206-1576630245000.do');
/*!40000 ALTER TABLE `restaurant_images` ENABLE KEYS */;
UNLOCK TABLES;

--
-- Table structure for table `restaurant_timeinfo`
--

DROP TABLE IF EXISTS `restaurant_timeinfo`;
/*!40101 SET @saved_cs_client     = @@character_set_client */;
/*!40101 SET character_set_client = utf8 */;
CREATE TABLE `restaurant_timeinfo` (
  `restaurant_timeInfo_id` int(11) NOT NULL,
  `restaurant_id` int(11) NOT NULL,
  `serving_time` varchar(100) DEFAULT NULL,
  `start_time` time DEFAULT NULL,
  `end_time` time DEFAULT NULL,
  PRIMARY KEY (`restaurant_timeInfo_id`,`restaurant_id`),
  KEY `FK_RESTAURANT_TO_RESTAURANT_TIMEINFO_1` (`restaurant_id`),
  CONSTRAINT `FK_RESTAURANT_TO_RESTAURANT_TIMEINFO_1` FOREIGN KEY (`restaurant_id`) REFERENCES `restaurant` (`restaurant_id`)
) ENGINE=InnoDB DEFAULT CHARSET=utf8mb4 COLLATE=utf8mb4_general_ci;
/*!40101 SET character_set_client = @saved_cs_client */;

--
-- Dumping data for table `restaurant_timeinfo`
--

LOCK TABLES `restaurant_timeinfo` WRITE;
/*!40000 ALTER TABLE `restaurant_timeinfo` DISABLE KEYS */;
INSERT INTO `restaurant_timeinfo` VALUES (1,1,'조식','08:00:00','11:00:00'),(2,1,'중식1','11:00:00','14:00:00'),(3,1,'중식2','13:00:00','18:30:00'),(4,1,'석식','11:00:00','18:30:00'),(5,2,'중식','11:00:00','14:00:00'),(6,2,'석식','17:00:00','19:00:00'),(7,3,'중식','11:00:00','14:00:00'),(8,4,'중식','11:30:00','14:00:00'),(9,5,'조식','07:30:00','09:30:00'),(10,5,'중식','11:30:00','14:00:00'),(11,5,'석식','17:00:00','18:45:00'),(12,6,'조식','07:30:00','09:30:00'),(13,6,'중식','11:30:00','14:00:00'),(14,6,'석식','17:00:00','18:45:00');
/*!40000 ALTER TABLE `restaurant_timeinfo` ENABLE KEYS */;
UNLOCK TABLES;

--
-- Table structure for table `review`
--

DROP TABLE IF EXISTS `review`;
/*!40101 SET @saved_cs_client     = @@character_set_client */;
/*!40101 SET character_set_client = utf8 */;
CREATE TABLE `review` (
  `review_id` int(11) NOT NULL AUTO_INCREMENT,
  `restaurant_id` int(11) NOT NULL,
  `user_id` int(11) NOT NULL,
  `meal_id` int(11) NOT NULL,
  `ratings` float DEFAULT NULL,
  `content` varchar(2000) DEFAULT NULL,
  `image_url` varchar(1000) DEFAULT NULL,
  `created_dt` datetime DEFAULT NULL,
  PRIMARY KEY (`review_id`,`restaurant_id`,`user_id`,`meal_id`),
  KEY `FK_RESTAURANT_TO_REVIEW_1` (`restaurant_id`),
  KEY `FK_USER_TO_REVIEW_1` (`user_id`),
  KEY `FK_MEAL_TO_REVIEW_1` (`meal_id`),
  CONSTRAINT `FK_MEAL_TO_REVIEW_1` FOREIGN KEY (`meal_id`) REFERENCES `meal` (`meal_id`),
  CONSTRAINT `FK_RESTAURANT_TO_REVIEW_1` FOREIGN KEY (`restaurant_id`) REFERENCES `restaurant` (`restaurant_id`),
  CONSTRAINT `FK_USER_TO_REVIEW_1` FOREIGN KEY (`user_id`) REFERENCES `user` (`user_id`)
) ENGINE=InnoDB AUTO_INCREMENT=52 DEFAULT CHARSET=utf8mb4 COLLATE=utf8mb4_general_ci;
/*!40101 SET character_set_client = @saved_cs_client */;

--
-- Dumping data for table `review`
--

LOCK TABLES `review` WRITE;
/*!40000 ALTER TABLE `review` DISABLE KEYS */;
INSERT INTO `review` VALUES (1,1,1,2,5,'정말맛있다.','http://localhost/phpmyadmin/themes/pmahomme/img/logo_left.png','2023-11-11 12:00:00'),(3,2,2080035,24,5,'난 진짜 김치볶음밥 너무 좋아해서 너무너무 맛있었어.. 그래서 난 세그릇 먹었다.. 이 가격으로 이렇게 많이 먹을 수 있는곳이 있으려나??? ㅠㅠ 너무너무 맛있었고 가성비야... 탕수육도 김치볶음밥일아 진짜 잘 어울렸고 깍두기도 맛있었어! 벗들 오늘 아이하우스 학식 진짜 추천할게!','https://cdn.news.unn.net/news/photo/202303/543533_350181_4158.jpg','2023-11-22 03:14:10'),(4,4,2080035,38,5,'이 가격으로 이렇게 먹고 싶은만큼 집밥 먹을 수 있나... 난 자취생이라 일부러 오늘 학교 일찍 와서 먹었어!! 샐러드 너무 좋아해서 맛있게 먹었따! 아이하우스 메뉴가 바뀔때가 많아서 넘 아쉽지만 샐러드,밥,국 메인반찬에 잔치국수까지 먹을 수 있는게 좋아서 꽤 자주 오게 되는 듯. 가격 인하하고 나서 부담도 줄어서 좋아! 이슐랭도 학식 정기궈 생기면 좋겠다 ㅎㅎ','','2023-11-22 03:15:44'),(5,2,2080035,25,2,'잡곡밥 엄청 기대했었는데 기대만큼은 아니였어.. 일단 잡곡밥 같은 느낌도 아니였고 그냥 쌀밥같았어..... 김치수제빕국은 그래도 맛있었떤 거 같아! 고등어구이는 그럭저럭??? 메뉴구성이 좋아서 엄청 기대가 됐었느네 그 기대만큼 아니여서 아쉬웠어 ㅠㅠ ! ','','2023-11-22 03:17:39'),(6,2,2080035,20,3.5,'오늘 부대찌개 진짜 짱이야.... 뿌리채소고구마범벅 달달구리해서 맛있어쏘 시금치나물은 아삭아삭하게 씹히만셔 전체적으로 부드러웠었떤 김장감을 주는 역할을 한 듯. 부대찌개는 진짜 밖에서 파는 부대찌개처럼 자극적이면서도 뭔가 건강(?)하기도 하고.. 하튼 적당한 가격에 맛있게 먹었다! ','','2023-11-22 03:19:18'),(9,1,2080035,9,2,'맛은 있는데 진짜 탄수화물뿐임... 심지어 단무지밥에 단무지 반찬이랑 먹었ㅇㅓ.. ','https://thumb.mt.co.kr/06/2022/09/2022092510492962871_1.jpg/dims/optimize/','2023-11-22 03:23:09'),(10,4,2080035,39,5,'매콤 제육볶음 너무 맛있다!!! 진짜 숯불향 그자체야!! 숯불향 그대로 느껴지면서 너무 맛있더라고~~~ 나는 워낙 브로콜리도 좋아해서 브로콜리 버섯볶음도 대박 맛있었음 ㅎㅎㅎㅎㅎ 후식도 숭늉인데 나 누룽지 좋아해서 누룽지꺼지 오늘 진짜 배 겁나 터지는 줄 알아써 오늘 가성비갑이니까 다들 오늘 학식 놓치지마!','','2023-11-22 03:24:49'),(11,6,2080035,63,3,'원래 짜장 닭조림 덮밥에 환장하는데 소스도 맛있는 짜장소스라서 더 맛있었고! 유채나물 유자무침도 맛있는 유자소스였어! 완전 상큼했어! 치아바타도 진짜 맛있었고 오늘 학식 짱이다 배달도 빨리와서 음식도 식지 않고 맛있게 먹을 수 있었어 ㅎㅎ','','2023-11-22 03:27:23'),(12,6,2080035,67,1,'오늘 최악이야.. 음식이 그냥 다 식었고.. 일단 배달이 너무 별로였어... 배달기사분이 늦게 갖다주신건지 아니면 음식이 애초에 식어서 나왔던건지.. 오늘으 너무 최악이다 정말로 돈 아까워 ㅠㅠ','','2023-11-22 03:28:07'),(13,5,2076016,44,5,'후렌치토스트가 나오다니~~~~~~ 아침으루 정말 딱이다!! 모닝빵샌드위치까지 나와서 빵+빵이였는데 빵순이인 나한텐 최고의 아침이여따 ㅎㅎㅎ 콘치즈구이까지 좀 헤비한거 아닌가 싶었는데.. 아침부터 살찌고 든든하고 좋았어(?) ㅋㅋ ','','2023-11-22 03:30:40'),(14,5,2076016,49,4,'오오 정말 오랜만에 훈제오리!! 난 훈제오리 쌈무에 먹는게 젤 좋은데 쌈무랑 같이 나와서 너무 맛있게 먹었다1 훈제오리는 그냥 먹었도 맛있쟈나.. ㅋㅋ 배달로 먹었는데 식어도 맛있어서 좋았음','','2023-11-22 03:31:20'),(15,5,2076016,57,5,'차돌떡볶이 + 모듬튀깁 조합 말해뭐해.. ㅋㅋ  그냥 탄수화물 그자체 살찌는 조합이지만 칼로리 생각안하고 먹으면 행복 그자체임 그냥 떡볶이 아니고 차돌떡볶이라 약간 느껴지는 고기향에 가끔씩 씹히는 차돌이 행복그자체.. ㅎㅎ 근데 이제 수업 들으러 가야함 ㅜㅠ','','2023-11-22 03:32:36'),(16,3,2076016,31,2,'흠.. 일단 소떡소떡이 너무 딱딱해서 먹을 수가 없었어.. 먹으라고 만든건지 .. 아예 안나오고 그냥 다른 메뉴 나오는게 나았을 거 같아 아니면 내가 배달로 받아서 그런가? 소떡소떡은 다 버렸어 ','','2023-11-22 03:33:51'),(17,3,2076016,35,5,'오 오랜만에 카레라이스! 워낙 카레 좋아하는데 그 위에 돈까스까지 올려주니까 너무 맛있게 먹었다! 너무 맛있어서 한번 더 가져다먹음 ㅎㅎ 배부르당','','2023-11-22 03:34:38'),(18,1,2076016,19,5,'나는 워낙 아이하우스 명동칼국수 좋아해서.. 그냥 매일 먹는거 같아 ㅎㅎ 명동칼국수가 제일 안 질리고 국물이 진짜 깔끔 그자체여서.. 시원해 ㅎㅎ 피로가 싹풀리는 그런 국물이야~~~ ','','2023-11-22 03:37:22'),(19,1,2076016,5,5,'말해뭐해. 나처럼 돈은 없고 많이 먹는 돼지들에게는 정말 소중한 곳이지.. 천원으로 나의 아침을 든든하게 해결해주는 곳 ! 아이하우스에서 천원으로 아침 든든하게 먹으면 그래도 점심까지 배고프지 않게 잘 버틴다! 물론 식곤증때문에 조는 거 같긴한데 난 배고픈건 못 참아서.. ㅋㅋ 오늘도 맛있었따^^ 천원의 아침밥은 없어지면 안됨 ㅎ','','2023-11-22 03:38:27'),(20,1,2076016,10,5,'내가 좋아하는 탕수육~~~ 탕수육 맛있음! 근데 탕수육은 무한리필 아닌데 오늘 엄청 많이 주셨음!! ㅋㅋ 그래서 좋아써 저번엔 조금 주셔서 좀 아쉬웠는데 오늘은 넉넉하게 주셔서 배 터지게 먹음 ','','2023-11-22 03:39:11'),(21,2,2076016,21,5,'오늘 카레라이스 존맛탱! 이 가격으로 이렇게 먹고싶은만큼 카레를 먹을 수 있다니.. 진짜 학식 꿀이야 ! 물론 난 배달받은거라서 무한리필로 받진 못했지만 많이 달라고 추가요청했더니 정말정말 많이 주셨어.. 그래서 진짜 배부르게 먹을 수 있었고 감자튀김도 많이 달라했더니 많이 주셨어 ㅎㅎㅎ 배달도 빨리오고 너무 좋다! ','','2023-11-22 03:40:59'),(22,2,2076016,23,1,'다른 벗들은 정해진 시간에 배달 잘 받는다던데.. 나는 오늘 10분이나 밖에서 배달 기다렸어.. 그러면 나는 배달을 시키는 이유가 없잖아..? 그래서 쉬는시간 5분 남았고 걍 먹지도 못하고... ㅠㅠ 이게 ㅏ말이돼? ㅠ 너무 속상했어 오늘 ','','2023-11-22 03:41:54'),(24,4,2176540,36,2,'떡볶이가 식어서 왔음 주먹밥도 작고.. 학식은 가성비여야하는데 가성비가 아닌 느낌? 차라리 밖에서 사먹는 분식이 더 양 많고 가성비일거 같음. 가격에 비해 양도 적고 굳이 학식 먹을 필요 없는듯 우리 학교 학식은 진짜 별로인듯 ','','2023-11-22 03:45:42'),(25,2,2176540,26,5,'학식 주제에 배달을 시키는 걸 고민 했으나 학교 나가는 거 귀찮음. 걍 충동적으로 학식 시킴 배달료도 저렴하니까. 첫입에 국은 꽤 간간했고 잡곡밥이 맛있었음. 잡채도 그럭저럭 괜찮고 양 많음. 전체적으로 야무진듯','','2023-11-22 03:47:51'),(26,2,2176540,23,5,'표고버섯통영양밥? 몸보신 기분 내려고 배달시킴. 뭔가 오늘 메뉴가 돈까스강정 빼고 다 건강식인거 같아서 다이어트인 와중에 양심 챙기는 느낌이라 먹어봤는데 사실 먹고나니까 다이어트식은 절대 아니고 몸보신은 맞는거 같음 건강해진거 같긴함 ','','2023-11-22 03:48:59'),(27,2,2176540,29,3,'쏘쏘.. 그냥저냥 괜찮 숭늉이 가장 괜찮았고 나머지는 그럭저럭~','','2023-11-22 03:49:21'),(28,4,2176540,38,5,'난 공대 날치알김치볶음밥 너무 좋아해서 날치알김치볶음밥 많이많이많이많이 주세요!! 했떠니 진짜 많이많이많이 개많이 주셔떠 ㅎㅎ 그래서 나 가성비로 ㄹ진짜 배터지게 먹었다 ㅎㅎ 너무 조아','','2023-11-22 03:50:27'),(29,4,2176540,40,3,'오늘 양 전체적으로 좀 적었음.. 그리고 조화롭지 않았던 거 같음 뭔가 메인음식도 없었음.. ㅋㅋ ','','2023-11-22 03:51:19'),(30,6,2176540,67,5,'이하우스 장조림 버터 비빔밥 원래 유명하잖아 진짜 말해뭐해 글고 야채 스ㅋ크램블 에그도 존맛인거 알지? 다들 놓치지마 진짜! ㅋㅋㅋㅋㅋ 진짜 내가 제일 좋아하는 학식임~~ ㅎㅎ','','2023-11-22 03:52:33'),(31,6,2176540,61,4,'돼지고기 김치찌개 너무 맛난당!!!! 도토리묵 김가루 무침도 진짜 맛있어! 김치랑 밥이랑 같이 먹으면 지짜 맛있꼬 ㅋㅋ 근데 오늘 4점인 이유는.. 배달 때문이다 쉬는시간 15분동안 딱 먹으려고 시켰는데 배달 5분이나 늦음.. 그래서 10분만에 먹었어 내가 원래 밥을 빨리 먹어서 그냥저냥 딱 맞춰 먹긴 했는데 그래도 뭔가 촉박하게 먹는 기분이라서 ㅠㅠ 진짜 배달시간은 꼭 맞춰서 오거나 더 빨리 왔으면 좋겠음 ㅠ','','2023-11-22 03:54:17'),(32,4,2176540,39,5,'진짜 불향 미쳤다. 숯뷸제육볶음 불향 많이 나고 쌀밥ㅇ에 된장국 진짜 잘 어울림!! 된장국 엄마가 해주는 된장국보다 맛있었던건 비밀로 할게! ㅋㅋ 숭늉까지 먹어서 배터질뻔 했는데 오늘 가성비니까 꼭 먹어봐~ ','','2023-11-22 03:55:05'),(33,5,1971050,50,5,'김치콩나물국이랑 소불고기 조합 너무 좋았고 우리학교 청포묵김가루무침은 진짜 맛있는고 같아! 오늘 학식 추천할게 ㅎㅎ','','2023-11-22 04:02:08'),(34,5,1971050,43,5,'돈코츠라멘 그냥 별 기대 안하고 먹었는데 생각보다 너무 맛있어서 놀랐어.. ㅋㅋ 원래 라멘 배달 시키면 맛있기 어렵고 특히 학식이면 맛있기 어렵쟈나... 근데 왜 맛있찌? 신기하다 ','','2023-11-22 04:02:44'),(35,5,1971050,42,3,'나 우리학교 잡곡밥/설러탕 조합 너무 좋아하는데 오늘 왜이렇게 별로야...? 그냥 설렁탕이 밍밍 그자체인데 소금이나 후추? 이런게 따로 없으니까 밍밍 그자체로 먹었어 ㅠㅠ 그나마 메밀전이 맛있었어 ㅠㅠㅠㅠㅠ ','','2023-11-22 04:03:29'),(36,3,1971050,34,5,'김치볶음밥 맛있었고 많이 주셨음 ㅋㅋ 그래서 좋았어 배터져','','2023-11-22 04:03:48'),(37,3,1971050,32,5,'나 닭한마리칼국수? 그거 완전 좋아하는데 그거랑 맛 완전 비슷했고 국물맛도 진득하면서도 깔끔하고 시원했음!! ㅋㅋ','','2023-11-22 04:04:16'),(38,3,1971050,31,5,'저번에 소떡소떡 너무 실망이여서 안 먹으려고 했는데 오늘 나가기 귀찮아서 걍 배달시킴 근데 오늘은 맛있었음','','2023-11-22 04:04:44'),(39,2,1971050,23,5,'표고버섯통영양밥 진짜 건강해지는밥. 버섯 완전 많았음 나 버섯 좋아해서 너무 맛있었어','','2023-11-22 04:05:07'),(40,5,1971050,52,3,'만두국이 다 식어서 왔고. ... 심지어 넘쳐가지고 좀 흘려서 배달왔음;; ','','2023-11-22 04:05:26'),(41,5,1971050,58,3,'무국이 맛있었엉ㅋㅋ 근데 오늘 반찬이 전반적으로 부실했음.. ','','2023-11-22 04:05:50'),(42,5,1971050,49,3,'그냥 학식 저렴해서 시켜먹음 요즘 배달 비싸자나 ㅠ','','2023-11-22 04:06:06'),(43,2,1871050,24,5,'오늘 햄김치볶음밥 너무 맛있었어!!! 후르츠탕수육도 소스가 상큼하고 탕수육이랑 잘 어울렸던듯? ','','2023-11-22 04:08:52'),(44,2,1871050,20,3,'부대찌개 식어서 오긴 했는데 식어도 맛있긴했음. 근데 배달이 늦게와서 3점임','','2023-11-22 04:09:11'),(45,3,1871050,31,5,'오늘 일단 조합이 훌륭했고.. 난 미역줄기볶음 워낙 좋아해서 ㅋㅋㅋ 많이 달라했는데 진짜 너무 많이 주셔서 감사합니다 ㅎㅎㅎㅎㅎㅎ ','','2023-11-22 04:09:55'),(46,3,1871050,35,5,'카레라이스에 돈까스 너무 맛있졍!! 돈까스 바삭바삭하게 먹었음!!! 돈까스 따로 와서 좋았음','','2023-11-22 04:10:20'),(47,1,1871050,11,5,'메밀국수 기대 안했는데 맛있었고 치킨까스도 괜춚','','2023-11-22 04:10:35'),(48,1,1871050,2,5,'그냥 가성비! ㅋㅋ 나가기 귀찮아서 시켜먹음 ㅠ','','2023-11-22 04:10:49'),(49,1,1871050,17,5,'요즘 같이 물가에 이가격에 먹기는 힘든거 같은데 학식 좋은거 같으','','2023-11-22 04:11:04'),(50,1,1871050,8,5,'우리학교 명동칼국수 진짜 맛이써~ 그리고 소고기비빔밥이랑 조합 미쳤음 ','','2023-11-22 04:11:24'),(51,1,1871050,3,5,'메밀국수 시원하게 와서 맛있게 머 ㄱ음','','2023-11-22 04:11:50');
/*!40000 ALTER TABLE `review` ENABLE KEYS */;
UNLOCK TABLES;

--
-- Table structure for table `user`
--

DROP TABLE IF EXISTS `user`;
/*!40101 SET @saved_cs_client     = @@character_set_client */;
/*!40101 SET character_set_client = utf8 */;
CREATE TABLE `user` (
  `user_id` int(11) NOT NULL,
  `password` varchar(100) NOT NULL,
  `email` varchar(100) DEFAULT NULL,
  PRIMARY KEY (`user_id`)
) ENGINE=InnoDB DEFAULT CHARSET=utf8mb4 COLLATE=utf8mb4_general_ci;
/*!40101 SET character_set_client = @saved_cs_client */;

--
-- Dumping data for table `user`
--

LOCK TABLES `user` WRITE;
/*!40000 ALTER TABLE `user` DISABLE KEYS */;
INSERT INTO `user` VALUES (1,'aaaa','dfd@ggg.kr'),(2,'aaadf','adf@df.kr'),(1871050,'1871050','1871050'),(1971050,'1971050','1971050'),(2076016,'2076016','2076016'),(2080035,'2080035','2080035'),(2176540,'2176540','2176540');
/*!40000 ALTER TABLE `user` ENABLE KEYS */;
UNLOCK TABLES;
/*!40103 SET TIME_ZONE=@OLD_TIME_ZONE */;

/*!40101 SET SQL_MODE=@OLD_SQL_MODE */;
/*!40014 SET FOREIGN_KEY_CHECKS=@OLD_FOREIGN_KEY_CHECKS */;
/*!40014 SET UNIQUE_CHECKS=@OLD_UNIQUE_CHECKS */;
/*!40101 SET CHARACTER_SET_CLIENT=@OLD_CHARACTER_SET_CLIENT */;
/*!40101 SET CHARACTER_SET_RESULTS=@OLD_CHARACTER_SET_RESULTS */;
/*!40101 SET COLLATION_CONNECTION=@OLD_COLLATION_CONNECTION */;
/*!40111 SET SQL_NOTES=@OLD_SQL_NOTES */;

-- Dump completed on 2023-11-22 12:30:02
